-- Chèn dữ liệu cho Tỉnh thành
insert into TINHTHANH(tenTinhThanh) VALUES
('Hà Nội'),
('TP. Hồ Chí Minh'),
('Đà Nẵng'),
('Hải Phòng'),
('Cần Thơ'),
('Bình Dương'),
('Đồng Nai'),
('Khánh Hòa'),
('Lâm Đồng'),
('Thừa Thiên Huế'),
('Quảng Ninh'),
('Bà Rịa - Vũng Tàu'),
('An Giang'),
('Bắc Giang'),
('Bắc Ninh'),
('Bến Tre'),
('Bình Định'),
('Bình Phước'),
('Cà Mau'),
('Gia Lai');

-- Chèn dữ liệu cho huyện
insert into QUANHUYEN(maTinhThanh, tenQuanHuyen) values
('TT000001', 'Ba Đình'),
('TT000001', 'Hoàn Kiếm'),
('TT000001', 'Đống Đa'),
('TT000001', 'Cầu Giấy'),
('TT000002', 'Quận 1'),
('TT000002', 'Quận 3'),
('TT000002', 'Gò Vấp'),
('TT000002', 'Thủ Đức'),
('TT000003', 'Hải Châu'),
('TT000003', 'Cẩm Lệ'),
('TT000003', 'Liên Chiểu'),
('TT000003', 'Sơn Trà'),
('TT000003', 'Thanh Khê'),
('TT000003', 'Hòa Vang'),
('TT000003', 'Ngũ Hành Sơn'),
('TT000004', 'Ngô Quyền'),
('TT000004', 'Lê Chân'),
('TT000004', 'Hồng Bàng'),
('TT000005', 'Ninh Kiều'),
('TT000005', 'Bình Thủy'),
('TT000005', 'Cái Răng'),
('TT000006', 'Long Xuyên'),
('TT000006', 'Châu Đốc'),
('TT000006', 'Tân Châu'),
('TT000007', 'Thủ Dầu Một'),
('TT000007', 'Dĩ An'),
('TT000007', 'Thuận An'),
('TT000008', 'Biên Hòa'),
('TT000008', 'Long Khánh'),
('TT000008', 'Trảng Bom'),
('TT000009', 'Nha Trang'),
('TT000009', 'Cam Ranh'),
('TT000009', 'Diên Khánh'),
('TT000010', 'Đà Lạt'),
('TT000010', 'Bảo Lộc'),
('TT000010', 'Đơn Dương'),
('TT000011', 'Vinh'),
('TT000011', 'Cửa Lò'),
('TT000011', 'Nam Đàn'),
('TT000012', 'Thanh Hóa'),
('TT000012', 'Sầm Sơn'),
('TT000012', 'Bỉm Sơn'),
('TT000013', 'Hạ Long'),
('TT000013', 'Cẩm Phả'),
('TT000013', 'Móng Cái'),
('TT000014', 'Huế'),
('TT000014', 'Hương Thủy'),
('TT000014', 'Hương Trà'),
('TT000015', 'Rạch Giá'),
('TT000015', 'Hà Tiên'),
('TT000015', 'Phú Quốc'),
('TT000016', 'Phan Thiết'),
('TT000016', 'La Gi'),
('TT000016', 'Bắc Bình'),
('TT000017', 'Tam Kỳ'),
('TT000017', 'Hội An'),
('TT000017', 'Núi Thành'),
('TT000018', 'Bắc Ninh'),
('TT000018', 'Từ Sơn'),
('TT000018', 'Yên Phong'),
('TT000019', 'Phủ Lý'),
('TT000019', 'Duy Tiên'),
('TT000019', 'Kim Bảng'),
('TT000020', 'Vĩnh Yên'),
('TT000020', 'Phúc Yên'),
('TT000020', 'Tam Dương');

-- Chèn dữ liệu cho Phường xã
insert into PHUONGXA (tenPhuongXa, maQuanHuyen) VALUES
('Phúc Xá', 'QH000001'),
('Trúc Bạch', 'QH000001'),
('Hàng Bạc', 'QH000002'),
('Hàng Bông', 'QH000002'),
('Cát Linh', 'QH000003'),
('Quảng An', 'QH000003'),
('Dịch Vọng', 'QH000004'),
('Quan Hoa', 'QH000004'),
('Bến Nghé', 'QH000005'),
('Bến Thành', 'QH000005'),
('Võ Thị Sáu', 'QH000006'),
('Phường 6', 'QH000006'),
('Phường 1', 'QH000007'),
('Phường 2', 'QH000007'),
('Linh Trung', 'QH000008'),
('Bình Thọ', 'QH000008'),
('Nam Dương', 'QH000009'),
('Bình Thuận', 'QH000009'),
('Hải Châu 1', 'QH000009'),
('Hải Châu 2', 'QH000009'),
('Hòa Thuận Tây', 'QH000009'),
('Hòa Thuận Đông', 'QH000009'),
('Bình Hiên', 'QH000009'),
('Thanh Bình', 'QH000009'),
('Thạch Thang', 'QH000009'),
('Phước Ninh', 'QH000009'),
('Hòa Cường Nam', 'QH000009'),
('Hòa Cường Bắc', 'QH000009'),
('TThuận Phước', 'QH000009'),
('Hòa Xuân', 'QH000010'),
('Khuê Trung', 'QH000010'),
('Hòa Thọ Tây', 'QH000010'),
('Hòa Thọ Đông', 'QH000010'),
('Hòa Phát', 'QH000010'),
('Hòa An', 'QH000010'),
('Hòa Khánh Bắc', 'QH000011'),
('Hòa Khánh Nam', 'QH000011'),
('Hòa Hiệp Bắc', 'QH000011'),
('Hòa Hiệp Nam', 'QH000011'),
('Hòa Minh', 'QH000011'),
('Phước Mỹ', 'QH000012'),
('Nại Hiên Đông', 'QH000012'),
('An Hải Bắc', 'QH000012'),
('An Hải Đông', 'QH000012'),
('An Hải Tây', 'QH000012'),
('Thọ Quang', 'QH000012'),
('Mân Thái', 'QH000012'),
('Tân Chính', 'QH000013'),
('Thạc Gián', 'QH000013'),
('Hòa Khê', 'QH000013'),
('Thanh Khê Đông', 'QH000013'),
('Thanh Khê Tây', 'QH000013'),
('Vĩnh Trung', 'QH000013'),
('Xuân Hà', 'QH000013'),
('Tam Thuận', 'QH000013'),
('Chính Gián', 'QH000013'),
('An Khê', 'QH000013'),
('Hòa Tiến', 'QH000014'),
('Hòa Bắc', 'QH000014'),
('Hòa Sơn', 'QH000014'),
('Hòa Phong', 'QH000014'),
('Hòa Phước', 'QH000014'),
('Hòa Nhơn', 'QH000014'),
('Hòa Khương', 'QH000014'),
('Hòa Ninh', 'QH000014'),
('Hòa Liên', 'QH000014'),
('Hòa Phú', 'QH000014'),
('Hòa Châu', 'QH000014'),
('Hoà Hải', 'QH000015'),
('Mỹ An', 'QH000015'),
('Khuê Mỹ', 'QH000015'),
('Hoà Quý', 'QH000015'),
('Cầu Tre', 'QH000016'),
('Đồng Quốc Bình', 'QH000016'),
('An Dương', 'QH000017'),
('Hàng Kênh', 'QH000017'),
('Trại Cau', 'QH000017'),
('Minh Khai', 'QH000018'),
('Cái Khế', 'QH000019'),
('An Hòa', 'QH000019'),
('Long Hòa', 'QH000020'),
('Bùi Hữu Nghĩa', 'QH000020'),
('Ba Láng', 'QH000021'),
('Hưng Phú', 'QH000021'),
('Mỹ Long', 'QH000022'),
('Bình Khánh', 'QH000022'),
('Châu Phú', 'QH000023'),
('Vĩnh Mỹ', 'QH000023'),
('Long Sơn', 'QH000024'),
('Tân An', 'QH000024'),
('Chánh Nghĩa', 'QH000025'),
('Phú Hòa', 'QH000025'),
('Dĩ An', 'QH000025'),
('Tân Đông Hiệp', 'QH000026'),
('Bình Hòa', 'QH000027'),
('An Phú', 'QH000027'),
('Thống Nhất', 'QH000028'),
('Tân Hiệp', 'QH000028'),
('Xuân An', 'QH000029'),
('Xuân Tân', 'QH000029'),
('An Bình', 'QH000030'),
('Long Bình', 'QH000030'),
('Vĩnh Hải', 'QH000031'),
('Lộc Thọ', 'QH000031'),
('Cam Phú', 'QH000032'),
('Ba Ngòi', 'QH000032'),
('Diên An', 'QH000033'),
('Diên Khánh', 'QH000033'),
('Phường 1', 'QH000034'),
('Phường 2', 'QH000034'),
('Lộc Tiến', 'QH000035'),
('Lộc Phát', 'QH000035'),
('Đơn Dương', 'QH000036'),
('Hòa Bắc', 'QH000036'),
('Lê Lợi', 'QH000037'),
('Quán Bàu', 'QH000037'),
('Nghi Thu', 'QH000038'),
('Nghi Tân', 'QH000038'),
('Nam Giang', 'QH000039'),
('Nam Cường', 'QH000039'),
('Đông Hương', 'QH000040'),
('Trường Sơn', 'QH000040'),
('Trung Sơn', 'QH000041'),
('Quảng Tiến', 'QH000041'),
('Ba Đình', 'QH000042'),
('Thanh Sơn', 'QH000042'),
('Hà Khánh', 'QH000043'),
('Bãi Cháy', 'QH000043'),
('Cẩm Thủy', 'QH000044'),
('Cẩm Sơn', 'QH000044'),
('Trà Cổ', 'QH000045'),
('Hải Yên', 'QH000045'),
('Phú Nhuận', 'QH000046'),
('Thuận An', 'QH000046'),
('Thủy Dương', 'QH000047'),
('Thủy Xuân', 'QH000047'),
('Hương Toàn', 'QH000048'),
('Hương Vân', 'QH000048'),
('Vĩnh Bảo', 'QH000049'),
('Rạch Sỏi', 'QH000049'),
('Bình San', 'QH000050'),
('Mỹ Đức', 'QH000050'),
('Dương Đông', 'QH000051'),
('An Thới', 'QH000052'),
('Đức Long', 'QH000052'),
('Phú Thủy', 'QH000052'),
('Tân An', 'QH000053'),
('Phước Hội', 'QH000053'),
('Bình Tân', 'QH000054'),
('Bình An', 'QH000054'),
('An Xuân', 'QH000055'),
('Tân Thạnh', 'QH000055'),
('Minh An', 'QH000056'),
('Cẩm Phô', 'QH000056'),
('Tam Kỳ', 'QH000057'),
('An Sơn', 'QH000057'),
('Đại Phúc', 'QH000058'),
('Vân Dương', 'QH000058'),
('Đình Bảng', 'QH000059'),
('Đồng Nguyên', 'QH000059'),
('Yên Phong', 'QH000060'),
('Đông Ngàn', 'QH000060'),
('Minh Khai', 'QH000061'),
('Quang Trung', 'QH000061'),
('Châu Giang', 'QH000062'),
('Hoàng Đông', 'QH000062'),
('Kim Bảng', 'QH000063'),
('Vũ Bảng', 'QH000063'),
('Đống Đa', 'QH000064'),
('Tích Sơn', 'QH000064'),
('Hội Hợp', 'QH000065'),
('Trưng Trắc', 'QH000065'),
('Hương Canh', 'QH000066'),
('Tam Dương', 'QH000066');

-- Chèn dữ liệu cho Vai trò
insert into VAITRO(tenVaiTro) values
('Người tham gia'),
('Nhân viên tổ chức sự kiện'),
('Nhân viên'),
('Admin');

-- Chèn dữ liệu cho Admin
INSERT INTO TAIKHOAN(maVaiTro, email, matKhau, trangThai)
VALUES
('VT000001', 'admin@danaevent.com', '$2b$10$PKrTtbdAdTy865f9Ef4IMeEZ42sRf5zUCYXxfwK6oL7ECkr.UErLS', 1);

-- Chèn dữ liệu cho 5 nhân viên
INSERT INTO TAIKHOAN(maVaiTro, email, matKhau, trangThai)
VALUES
('VT000002', 'sonhoang@danaevent.com', '$2b$10$PKrTtbdAdTy865f9Ef4IMeEZ42sRf5zUCYXxfwK6oL7ECkr.UErLS', 1),
('VT000002', 'toctien@danaevent.com', '$2b$10$PKrTtbdAdTy865f9Ef4IMeEZ42sRf5zUCYXxfwK6oL7ECkr.UErLS', 1),
('VT000002', 'trucnhan@danaevent.com', '$2b$10$PKrTtbdAdTy865f9Ef4IMeEZ42sRf5zUCYXxfwK6oL7ECkr.UErLS', 1),
('VT000002', 'thuphuong@danaevent.com', '$2b$10$PKrTtbdAdTy865f9Ef4IMeEZ42sRf5zUCYXxfwK6oL7ECkr.UErLS', 1),
('VT000002', 'sontung@danaevent.com', '$2b$10$PKrTtbdAdTy865f9Ef4IMeEZ42sRf5zUCYXxfwK6oL7ECkr.UErLS', 1);

-- Chèn dữ liệu cho 30 công ty
INSERT INTO TAIKHOAN(maVaiTro, email, matKhau, trangThai)
VALUES
('VT000003', 'eventpro@mediacorp.vn', '$2b$10$PKrTtbdAdTy865f9Ef4IMeEZ42sRf5zUCYXxfwK6oL7ECkr.UErLS', 1),
('VT000003', 'creativeminds@events.vn', '$2b$10$PKrTtbdAdTy865f9Ef4IMeEZ42sRf5zUCYXxfwK6oL7ECkr.UErLS', 1),
('VT000003', 'theevents@production.com', '$2b$10$PKrTtbdAdTy865f9Ef4IMeEZ42sRf5zUCYXxfwK6oL7ECkr.UErLS', -1),
('VT000003', 'globalentertainment@events.com', '$2b$10$PKrTtbdAdTy865f9Ef4IMeEZ42sRf5zUCYXxfwK6oL7ECkr.UErLS', 1),
('VT000003', 'topmedia@promotion.vn', '$2b$10$PKrTtbdAdTy865f9Ef4IMeEZ42sRf5zUCYXxfwK6oL7ECkr.UErLS', 0),
('VT000003', 'dynamicmedia@agency.com', '$2b$10$PKrTtbdAdTy865f9Ef4IMeEZ42sRf5zUCYXxfwK6oL7ECkr.UErLS', 1),
('VT000003', 'visionevents@media.vn', '$2b$10$PKrTtbdAdTy865f9Ef4IMeEZ42sRf5zUCYXxfwK6oL7ECkr.UErLS', 1),
('VT000003', 'eventpros@agencygroup.com', '$2b$10$PKrTtbdAdTy865f9Ef4IMeEZ42sRf5zUCYXxfwK6oL7ECkr.UErLS', 1),
('VT000003', 'nextgenmedia@events.com', '$2b$10$PKrTtbdAdTy865f9Ef4IMeEZ42sRf5zUCYXxfwK6oL7ECkr.UErLS', 1),
('VT000003', 'creativeevents@studio.vn', '$2b$10$PKrTtbdAdTy865f9Ef4IMeEZ42sRf5zUCYXxfwK6oL7ECkr.UErLS', 0),
('VT000003', 'eventexperts@management.vn', '$2b$10$PKrTtbdAdTy865f9Ef4IMeEZ42sRf5zUCYXxfwK6oL7ECkr.UErLS', 1),
('VT000003', 'entertainmenthub@media.com', '$2b$10$PKrTtbdAdTy865f9Ef4IMeEZ42sRf5zUCYXxfwK6oL7ECkr.UErLS', 1),
('VT000003', 'brightvision@promotion.com', '$2b$10$PKrTtbdAdTy865f9Ef4IMeEZ42sRf5zUCYXxfwK6oL7ECkr.UErLS', 1),
('VT000003', 'strategicevents@global.com', '$2b$10$PKrTtbdAdTy865f9Ef4IMeEZ42sRf5zUCYXxfwK6oL7ECkr.UErLS', 1),
('VT000003', 'sparklemedia@agency.com', '$2b$10$PKrTtbdAdTy865f9Ef4IMeEZ42sRf5zUCYXxfwK6oL7ECkr.UErLS', 1),
('VT000003', 'eventmasters@studios.com', '$2b$10$PKrTtbdAdTy865f9Ef4IMeEZ42sRf5zUCYXxfwK6oL7ECkr.UErLS', 1),
('VT000003', 'eventstorm@globalmedia.com', '$2b$10$PKrTtbdAdTy865f9Ef4IMeEZ42sRf5zUCYXxfwK6oL7ECkr.UErLS', 0),
('VT000003', 'megapro@mediacorp.vn', '$2b$10$PKrTtbdAdTy865f9Ef4IMeEZ42sRf5zUCYXxfwK6oL7ECkr.UErLS', -1),
('VT000003', 'eventsphere@management.com', '$2b$10$PKrTtbdAdTy865f9Ef4IMeEZ42sRf5zUCYXxfwK6oL7ECkr.UErLS', 0),
('VT000003', 'innovativeevents@media.vn', '$2b$10$PKrTtbdAdTy865f9Ef4IMeEZ42sRf5zUCYXxfwK6oL7ECkr.UErLS', 0),
('VT000003', 'eventcreations@studio.com', '$2b$10$PKrTtbdAdTy865f9Ef4IMeEZ42sRf5zUCYXxfwK6oL7ECkr.UErLS', 1),
('VT000003', 'topnotchmedia@events.vn', '$2b$10$PKrTtbdAdTy865f9Ef4IMeEZ42sRf5zUCYXxfwK6oL7ECkr.UErLS', 0),
('VT000003', 'nextstepmedia@global.com', '$2b$10$PKrTtbdAdTy865f9Ef4IMeEZ42sRf5zUCYXxfwK6oL7ECkr.UErLS', 1),
('VT000003', 'entertainment360@promotion.com', '$2b$10$PKrTtbdAdTy865f9Ef4IMeEZ42sRf5zUCYXxfwK6oL7ECkr.UErLS', 0),
('VT000003', 'eventzone@mediagroup.com', '$2b$10$PKrTtbdAdTy865f9Ef4IMeEZ42sRf5zUCYXxfwK6oL7ECkr.UErLS', 1),
('VT000003', 'allianceevents@studio.com', '$2b$10$PKrTtbdAdTy865f9Ef4IMeEZ42sRf5zUCYXxfwK6oL7ECkr.UErLS', 0),
('VT000003', 'eventfusion@agency.com', '$2b$10$PKrTtbdAdTy865f9Ef4IMeEZ42sRf5zUCYXxfwK6oL7ECkr.UErLS', 1),
('VT000003', 'dreammedia@global.com', '$2b$10$PKrTtbdAdTy865f9Ef4IMeEZ42sRf5zUCYXxfwK6oL7ECkr.UErLS', 1),
('VT000003', 'mediawave@eventpro.com', '$2b$10$PKrTtbdAdTy865f9Ef4IMeEZ42sRf5zUCYXxfwK6oL7ECkr.UErLS', 1),
('VT000003', 'eventworld@entertainment.com', '$2b$10$PKrTtbdAdTy865f9Ef4IMeEZ42sRf5zUCYXxfwK6oL7ECkr.UErLS', 1),
('VT000003', 'eventconnect@promotiongroup.com', '$2b$10$PKrTtbdAdTy865f9Ef4IMeEZ42sRf5zUCYXxfwK6oL7ECkr.UErLS', 0);

-- Chèn dữ liệu cho Người tham gia
INSERT INTO TAIKHOAN(maVaiTro, email, anhDaiDien, matKhau,  trangThai)
VALUES
('VT000004', 'nhuquynh123@gmail.com','https://res.cloudinary.com/didbhtr9w/image/upload/v1748860365/avatars/pexels-stephane-hurbe-1267753-4198029.jpg.jpg', 'password123', 0),
('VT000004', 'tuananh123@yahoo.com','https://res.cloudinary.com/didbhtr9w/image/upload/v1748859416/users/avatars/kawaii-mermaid-cute-5120x2880-10117.png.png', 'password123', 1),
('VT000004', 'minhtrung456@gmail.com','https://res.cloudinary.com/didbhtr9w/image/upload/v1748635398/users/avatars/Untitled%20%281080%20x%201350%20px%29.png.png', 'password123', 1),
('VT000004', 'khanhlinh789@yahoo.com',null, 'password123', 1),
('VT000004', 'nguyenhoang321@gmail.com', null,'password123', -1),
('VT000004', 'thanhson654@gmail.com','https://res.cloudinary.com/didbhtr9w/image/upload/v1747843315/users/avatars/fqnowuxfae3hwjwmcoxa.png', 'password123', 1),
('VT000004', 'vuthanh987@yahoo.com', null,'password123', 0),
('VT000004', 'ngocbao654@gmail.com','https://res.cloudinary.com/didbhtr9w/image/upload/v1748859416/users/avatars/kawaii-mermaid-cute-5120x2880-10117.png.png', 'password123', 1),
('VT000004', 'hanhtrinh321@yahoo.com', 'https://res.cloudinary.com/didbhtr9w/image/upload/v1747843315/users/avatars/fqnowuxfae3hwjwmcoxa.png','password123', 1),
('VT000004', 'quangviett456@gmail.com', null,'password123', -1),
('VT000004', 'linhthaiphuong789@yahoo.com', null,'password123', -1),
('VT000004', 'baonhat123@gmail.com','https://res.cloudinary.com/didbhtr9w/image/upload/v1748860365/avatars/pexels-stephane-hurbe-1267753-4198029.jpg.jpg', 'password123', 1),
('VT000004', 'quanghieu456@yahoo.com', null,'password123', 1),
('VT000004', 'hoanglan789@gmail.com', null,'password123', 0),
('VT000004', 'thuongnguyen321@yahoo.com', null,'password123', 1),
('VT000004', 'tienlinh654@gmail.com','https://res.cloudinary.com/didbhtr9w/image/upload/v1747843315/users/avatars/fqnowuxfae3hwjwmcoxa.png', 'password123', 1),
('VT000004', 'doanngoc321@yahoo.com','https://res.cloudinary.com/didbhtr9w/image/upload/v1748859416/users/avatars/kawaii-mermaid-cute-5120x2880-10117.png.png', 'password123', 1),
('VT000004', 'tronghieu123@gmail.com', null,'password123',1),
('VT000004', 'danghoang456@yahoo.com', 'https://res.cloudinary.com/didbhtr9w/image/upload/v1748635398/users/avatars/Untitled%20%281080%20x%201350%20px%29.png.png','password123', 1),
('VT000004', 'nguyenphuc789@gmail.com', null,'password123', 1),
('VT000004', 'khanhbao123@yahoo.com', null,'password123', 1),
('VT000004', 'hienluong456@gmail.com','https://res.cloudinary.com/didbhtr9w/image/upload/v1747843315/users/avatars/fqnowuxfae3hwjwmcoxa.png', 'password123', 1),
('VT000004', 'ngocthang789@yahoo.com', null,'password123',1),
('VT000004', 'thanhduy123@gmail.com', null,'password123', 1),
('VT000004', 'minhthao456@yahoo.com', 'https://res.cloudinary.com/didbhtr9w/image/upload/v1748860365/avatars/pexels-stephane-hurbe-1267753-4198029.jpg.jpg','password123', 1),
('VT000004', 'nguyenlam789@gmail.com', null,'password123', 1),
('VT000004', 'vanhieu123@yahoo.com', 'https://res.cloudinary.com/didbhtr9w/image/upload/v1748860365/avatars/pexels-stephane-hurbe-1267753-4198029.jpg.jpg','password123', 1),
('VT000004', 'thuonglam456@gmail.com', null,'password123',-1),
('VT000004', 'nguyenthinh789@yahoo.com', null,'password123', -1),
('VT000004', 'minhhoang123@gmail.com', null,'password123', 1),
('VT000004', 'lanhien456@yahoo.com', null,'password123', 1),
('VT000004', 'ngoclan789@gmail.com', null,'password123',1),
('VT000004', 'phuongtien321@yahoo.com', 'https://res.cloudinary.com/didbhtr9w/image/upload/v1748860365/avatars/pexels-stephane-hurbe-1267753-4198029.jpg.jpg','password123', 1),
('VT000004', 'hoangminh456@gmail.com', 'https://res.cloudinary.com/didbhtr9w/image/upload/v1748859416/users/avatars/kawaii-mermaid-cute-5120x2880-10117.png.png', 'password123', 1),
('VT000004', 'trongtam123@yahoo.com','https://res.cloudinary.com/didbhtr9w/image/upload/v1748635398/users/avatars/Untitled%20%281080%20x%201350%20px%29.png.png', 'password123', 0),
('VT000004', 'thuonglanh789@gmail.com','https://res.cloudinary.com/didbhtr9w/image/upload/v1748635398/users/avatars/Untitled%20%281080%20x%201350%20px%29.png.png', 'password123', 1),
('VT000004', 'quangnguyen456@yahoo.com', null,'password123', 1),
('VT000004', 'linhbaonhat321@gmail.com','https://res.cloudinary.com/didbhtr9w/image/upload/v1748859416/users/avatars/kawaii-mermaid-cute-5120x2880-10117.png.png', 'password123', 1),
('VT000004', 'ngocthuong789@yahoo.com', null,'password123', -1),
('VT000004', 'trinhduy123@gmail.com', null,'password123', 1),
('VT000004', 'hienquang456@yahoo.com','https://res.cloudinary.com/didbhtr9w/image/upload/v1748859416/users/avatars/kawaii-mermaid-cute-5120x2880-10117.png.png', 'password123', 1),
('VT000004', 'tamhoang789@gmail.com', null,'password123', 1),
('VT000004', 'phucminh123@yahoo.com','https://res.cloudinary.com/didbhtr9w/image/upload/v1747843315/users/avatars/fqnowuxfae3hwjwmcoxa.png', 'password123', 1),
('VT000004', 'moclanh456@gmail.com', null,'password123', 1),
('VT000004', 'bichnguyen789@yahoo.com','https://res.cloudinary.com/didbhtr9w/image/upload/v1748860365/avatars/pexels-stephane-hurbe-1267753-4198029.jpg.jpg', 'password123', 0),
('VT000004', 'quyenhieu123@gmail.com','https://res.cloudinary.com/didbhtr9w/image/upload/v1748635398/users/avatars/Untitled%20%281080%20x%201350%20px%29.png.png', 'password123', 1),
('VT000004', 'hoangduc456@yahoo.com','https://res.cloudinary.com/didbhtr9w/image/upload/v1748859416/users/avatars/kawaii-mermaid-cute-5120x2880-10117.png.png', 'password123', 1),
('VT000004', 'ngocbao789@gmail.com','https://res.cloudinary.com/didbhtr9w/image/upload/v1748635398/users/avatars/Untitled%20%281080%20x%201350%20px%29.png.png', 'password123', 1),
('VT000004', 'huyena123@yahoo.com','https://res.cloudinary.com/didbhtr9w/image/upload/v1748860365/avatars/pexels-stephane-hurbe-1267753-4198029.jpg.jpg', 'password123', 0),
('VT000004', 'doanhuy456@gmail.com', null,'password123', 0),
('VT000004', 'minhdung789@yahoo.com', null,'password123', -1),
('VT000004', 'tienngoc123@gmail.com', null,'password123', 0),
('VT000004', 'phuongtan456@yahoo.com','https://res.cloudinary.com/didbhtr9w/image/upload/v1747843315/users/avatars/fqnowuxfae3hwjwmcoxa.png', 'password123', 0),
('VT000004', 'thanghoang789@gmail.com',null, 'password123', 1),
('VT000004', 'minhthien123@yahoo.com', null,'password123', 1),
('VT000004', 'nguyenlinh456@gmail.com','https://res.cloudinary.com/didbhtr9w/image/upload/v1748635398/users/avatars/Untitled%20%281080%20x%201350%20px%29.png.png', 'password123', 1),
('VT000004', 'dinhduong789@yahoo.com', null,'password123', 1),
('VT000004', 'hienha123@gmail.com','https://res.cloudinary.com/didbhtr9w/image/upload/v1748860365/avatars/pexels-stephane-hurbe-1267753-4198029.jpg.jpg', 'password123', 1),
('VT000004', 'ngocnhi456@yahoo.com', null,'password123', 1),
('VT000004', 'thanhhien789@gmail.com', 'https://res.cloudinary.com/didbhtr9w/image/upload/v1748860365/avatars/pexels-stephane-hurbe-1267753-4198029.jpg.jpg','password123', 0),
('VT000004', 'minhbao123@yahoo.com','https://res.cloudinary.com/didbhtr9w/image/upload/v1748635398/users/avatars/Untitled%20%281080%20x%201350%20px%29.png.png', 'password123', 1),
('VT000004', 'thuthao456@gmail.com','https://res.cloudinary.com/didbhtr9w/image/upload/v1748635398/users/avatars/Untitled%20%281080%20x%201350%20px%29.png.png', 'password123', 1);

-- Công ty sự kiện
INSERT INTO CTYSUKIEN(maTaiKhoan, tenCongTy, soDienThoai, diaChiCongTy, maPhuongXa, giayPhepKinhDoanh, chuTaiKhoanThanhToan, soTaiKhoan, tenNganHang, chiNhanhNganHang, trangThaiDuyet)
VALUES
('TK000007', 'Event Pro Media', '0912345678', 'Số 10, Đường ABC', 'PX000001', 'https://res.cloudinary.com/didbhtr9w/image/upload/v1747909757/documents/CamScanner%202025-03-12%2011.40.pdf.pdf', 'Nguyễn Văn A', '1234567890123', 'Vietcombank', 'Chi nhánh Hồ Chí Minh', 1),
('TK000008', 'Creative Minds Events', '0923456789', 'Số 15, Đường XYZ', 'PX000002', 'https://res.cloudinary.com/didbhtr9w/image/upload/v1747909757/documents/CamScanner%202025-03-12%2011.40.pdf.pdf', 'Trần Thị B', '2345678901234', 'Vietinbank', 'Chi nhánh Hà Nội', 1),
('TK000009', 'The Events Production', '0934567890', 'Số 20, Đường 123', 'PX000003', 'https://res.cloudinary.com/didbhtr9w/image/upload/v1747909757/documents/CamScanner%202025-03-12%2011.40.pdf.pdf', 'Phạm Minh C', '3456789012345', 'Techcombank', 'Chi nhánh Đà Nẵng', 1),
('TK000010', 'Global Entertainment Events', '0945678901', 'Số 25, Đường 456', 'PX000004', 'https://res.cloudinary.com/didbhtr9w/image/upload/v1747909757/documents/CamScanner%202025-03-12%2011.40.pdf.pdf', 'Lê Thị D', '4567890123456', 'ACB', 'Chi nhánh Bình Dương', 1),
('TK000011', 'Top Media Promotions', '0956789012', 'Số 30, Đường 789', 'PX000005', 'https://res.cloudinary.com/didbhtr9w/image/upload/v1747909757/documents/CamScanner%202025-03-12%2011.40.pdf.pdf', 'Nguyễn Hoàng E', '5678901234567', 'MB Bank', 'Chi nhánh Cần Thơ', 1),
('TK000012', 'Dynamic Media Agency', '0967890123', 'Số 35, Đường 101', 'PX000006', 'https://res.cloudinary.com/didbhtr9w/image/upload/v1747909757/documents/CamScanner%202025-03-12%2011.40.pdf.pdf', 'Lê Minh F', '6789012345678', 'VPBank', 'Chi nhánh Quảng Ninh', 1),
('TK000013', 'Vision Events Media', '0978901234', 'Số 40, Đường 202', 'PX000007', 'https://res.cloudinary.com/didbhtr9w/image/upload/v1747909757/documents/CamScanner%202025-03-12%2011.40.pdf.pdf', 'Trương Thị G', '7890123456789', 'Sacombank', 'Chi nhánh Hải Phòng', 2),
('TK000014', 'Event Pros Agency', '0989012345', 'Số 45, Đường 303', 'PX000008', 'https://res.cloudinary.com/didbhtr9w/image/upload/v1747909757/documents/CamScanner%202025-03-12%2011.40.pdf.pdf', 'Nguyễn Minh H', '8901234567890', 'Eximbank', 'Chi nhánh Cần Thơ', 1),
('TK000015', 'NextGen Media Events', '0990123456', 'Số 50, Đường 404', 'PX000009', 'https://res.cloudinary.com/didbhtr9w/image/upload/v1747909757/documents/CamScanner%202025-03-12%2011.40.pdf.pdf', 'Lê Thị I', '9012345678901', 'Vietcombank', 'Chi nhánh Hồ Chí Minh', 1),
('TK000016', 'Creative Events Studio', '0911234567', 'Số 55, Đường 505', 'PX000010', 'https://res.cloudinary.com/didbhtr9w/image/upload/v1747909757/documents/CamScanner%202025-03-12%2011.40.pdf.pdf', 'Trần Minh J', '0123456789012', 'Vietinbank', 'Chi nhánh Hà Nội', 2),
('TK000017', 'Event Experts Management', '0921234567', 'Số 60, Đường 606', 'PX000011', 'https://res.cloudinary.com/didbhtr9w/image/upload/v1747909757/documents/CamScanner%202025-03-12%2011.40.pdf.pdf', 'Nguyễn Thị K', '1234567890123', 'Techcombank', 'Chi nhánh Đà Nẵng', 1),
('TK000018', 'Entertainment Hub Media', '0931234567', 'Số 65, Đường 707', 'PX000012', 'https://res.cloudinary.com/didbhtr9w/image/upload/v1747909757/documents/CamScanner%202025-03-12%2011.40.pdf.pdf', 'Lê Thị L', '2345678901234', 'ACB', 'Chi nhánh Bình Dương', 1),
('TK000019', 'Bright Vision Promotions', '0941234567', 'Số 70, Đường 808', 'PX000013', 'https://res.cloudinary.com/didbhtr9w/image/upload/v1747909757/documents/CamScanner%202025-03-12%2011.40.pdf.pdf', 'Trần Minh M', '3456789012345', 'MB Bank', 'Chi nhánh Cần Thơ', 2),
('TK000020', 'Strategic Events Global', '0951234567', 'Số 75, Đường 909', 'PX000014', 'https://res.cloudinary.com/didbhtr9w/image/upload/v1747909757/documents/CamScanner%202025-03-12%2011.40.pdf.pdf', 'Nguyễn Thị N', '4567890123456', 'VPBank', 'Chi nhánh Quảng Ninh', 1),
('TK000021', 'Sparkle Media Agency', '0961234567', 'Số 80, Đường 1010', 'PX000015', 'https://res.cloudinary.com/didbhtr9w/image/upload/v1747909757/documents/CamScanner%202025-03-12%2011.40.pdf.pdf', 'Lê Minh O', '5678901234567', 'Sacombank', 'Chi nhánh Hải Phòng', 2),
('TK000022', 'Event Masters Studios', '0971234567', 'Số 85, Đường 1111', 'PX000016', 'https://res.cloudinary.com/didbhtr9w/image/upload/v1747909757/documents/CamScanner%202025-03-12%2011.40.pdf.pdf', 'Trương Thị P', '6789012345678', 'Eximbank', 'Chi nhánh Cần Thơ', 1),
('TK000023', 'Event Storm Global Media', '0981234567', 'Số 90, Đường 1212', 'PX000017', 'https://res.cloudinary.com/didbhtr9w/image/upload/v1747909757/documents/CamScanner%202025-03-12%2011.40.pdf.pdf', 'Nguyễn Minh Q', '7890123456789', 'Vietcombank', 'Chi nhánh Hồ Chí Minh', 1),
('TK000024', 'Mega Pro Media Corp', '0991234567', 'Số 95, Đường 1313', 'PX000018', 'https://res.cloudinary.com/didbhtr9w/image/upload/v1747909757/documents/CamScanner%202025-03-12%2011.40.pdf.pdf', 'Lê Thị R', '8901234567890', 'Vietinbank', 'Chi nhánh Hà Nội', 1),
('TK000025', 'Event Sphere Management', '0912345678', 'Số 100, Đường 1414', 'PX000019', 'https://res.cloudinary.com/didbhtr9w/image/upload/v1747909757/documents/CamScanner%202025-03-12%2011.40.pdf.pdf', 'Trần Minh S', '9012345678901', 'Techcombank', 'Chi nhánh Đà Nẵng', 1),
('TK000026', 'Innovative Events Media', '0913456789', 'Số 105, Đường 1515', 'PX000020', 'https://res.cloudinary.com/didbhtr9w/image/upload/v1747909757/documents/CamScanner%202025-03-12%2011.40.pdf.pdf', 'Nguyễn Minh T', '2345678901234', 'ACB', 'Chi nhánh Bình Dương', 1),
('TK000027', 'Event Creations Studio', '0923456789', 'Số 110, Đường 1616', 'PX000021', 'https://res.cloudinary.com/didbhtr9w/image/upload/v1747909757/documents/CamScanner%202025-03-12%2011.40.pdf.pdf', 'Lê Minh U', '3456789012345', 'MB Bank', 'Chi nhánh Cần Thơ', 1),
('TK000028', 'Top Notch Media Events', '0933456789', 'Số 115, Đường 1717', 'PX000022', 'https://res.cloudinary.com/didbhtr9w/image/upload/v1747909757/documents/CamScanner%202025-03-12%2011.40.pdf.pdf', 'Trần Thị V', '4567890123456', 'VPBank', 'Chi nhánh Quảng Ninh', 1),
('TK000029', 'Next Step Media Global', '0943456789', 'Số 120, Đường 1818', 'PX000023', 'https://res.cloudinary.com/didbhtr9w/image/upload/v1747909757/documents/CamScanner%202025-03-12%2011.40.pdf.pdf', 'Lê Thị W', '5678901234567', 'Sacombank', 'Chi nhánh Hải Phòng', 1),
('TK000030', 'Entertainment 360 Promotions', '0953456789', 'Số 125, Đường 1919', 'PX000024', 'https://res.cloudinary.com/didbhtr9w/image/upload/v1747909757/documents/CamScanner%202025-03-12%2011.40.pdf.pdf', 'Nguyễn Hoàng X', '6789012345678', 'Eximbank', 'Chi nhánh Cần Thơ', 1),
('TK000031', 'Event Zone Media Group', '0963456789', 'Số 130, Đường 2020', 'PX000025', 'https://res.cloudinary.com/didbhtr9w/image/upload/v1747909757/documents/CamScanner%202025-03-12%2011.40.pdf.pdf', 'Lê Minh Y', '7890123456789', 'Vietcombank', 'Chi nhánh Hồ Chí Minh', 1),
('TK000032', 'Alliance Events Studio', '0973456789', 'Số 135, Đường 2121', 'PX000026', 'https://res.cloudinary.com/didbhtr9w/image/upload/v1747909757/documents/CamScanner%202025-03-12%2011.40.pdf.pdf', 'Trương Thị Z', '8901234567890', 'Vietinbank', 'Chi nhánh Hà Nội', 1),
('TK000033', 'Event Fusion Agency', '0983456789', 'Số 140, Đường 2222', 'PX000027', 'https://res.cloudinary.com/didbhtr9w/image/upload/v1747909757/documents/CamScanner%202025-03-12%2011.40.pdf.pdf', 'Nguyễn Minh AA', '9012345678901', 'Techcombank', 'Chi nhánh Đà Nẵng', 1),
('TK000034', 'Dream Media Global', '0993456789', 'Số 145, Đường 2323', 'PX000028', 'https://res.cloudinary.com/didbhtr9w/image/upload/v1747909757/documents/CamScanner%202025-03-12%2011.40.pdf.pdf', 'Lê Thị BB', '0123456789012', 'ACB', 'Chi nhánh Bình Dương', 1),
('TK000035', 'Media Wave Event Pro', '0914567890', 'Số 150, Đường 2424', 'PX000029', 'https://res.cloudinary.com/didbhtr9w/image/upload/v1747909757/documents/CamScanner%202025-03-12%2011.40.pdf.pdf', 'Trần Minh CC', '1234567890123', 'MB Bank', 'Chi nhánh Cần Thơ', 0),
('TK000036', 'Event World Entertainment', '0924567890', 'Số 155, Đường 2525', 'PX000030', 'https://res.cloudinary.com/didbhtr9w/image/upload/v1747909757/documents/CamScanner%202025-03-12%2011.40.pdf.pdf', 'Nguyễn Thị DD', '2345678901234', 'VPBank', 'Chi nhánh Quảng Ninh', 0),
('TK000037', 'Event Connect Promotion Group', '0934567890', 'Số 160, Đường 2626', 'PX000031', 'https://res.cloudinary.com/didbhtr9w/image/upload/v1747909757/documents/CamScanner%202025-03-12%2011.40.pdf.pdf', 'Lê Minh EE', '3456789012345', 'Sacombank', 'Chi nhánh Hải Phòng', 0);

-- Người tham gia
insert into NGUOITHAMGIA (maTaiKhoan, tenNguoiThamGia, soDienThoai, ngaySinh, gioiTinh, diaChi, maPhuongXa)
values
('TK000038', 'Như Quỳnh', '0123456789', '1990-03-12', 0, '123 Ngõ 1 Phố Trần Hưng Đạo', 'PX000001'),
('TK000039', 'Tuấn Anh', '0123456790', '1992-06-18', 1, '456 Kiệt 2 Đường Nguyễn Trãi', 'PX000002'),
('TK000040', 'Minh Trung', '0123456791', '1994-11-25', 1, '789 Số 5 Phố Lê Duẩn', 'PX000003'),
('TK000041', 'Khánh Linh', '0123456792', '1995-07-30', 0, '321 Số 8 Đường Bạch Mai', 'PX000004'),
('TK000042', 'Nguyễn Hoàng', '0123456793', '1988-02-14', 1, '654 Ngõ 3 Phố Nguyễn Thái Học', 'PX000005'),
('TK000043', 'Thanh Sơn', '0123456794', '1993-09-10', 0, '987 Kiệt 5 Đường Hoàng Cầu', 'PX000006'),
('TK000044', 'Vũ Thành', '0123456795', '1990-11-25', 1, '159 Số 2 Đường Phạm Ngọc Thạch', 'PX000007'),
('TK000045', 'Ngọc Bảo', '0123456796', '1991-08-21', 0, '100 Ngõ 6 Phố Hàng Bài', 'PX000008'),
('TK000046', 'Hạnh Trinh', '0123456797', '1992-01-05', 1, '200 Kiệt 4 Đường Thái Hà', 'PX000009'),
('TK000047', 'Quang Việt', '0123456798', '1994-09-15', 0, '300 Số 7 Đường Kim Mã', 'PX000010'),
('TK000048', 'Linh Thái Phương', '0123456799', '1995-12-10', 0, '123 Kiệt 3 Đường Cầu Giấy', 'PX000011'),
('TK000049', 'Bảo Nhất', '0123456800', '1991-04-18', 1, '456 Ngõ 4 Phố Trương Định', 'PX000012'),
('TK000050', 'Quang Hiếu', '0123456801', '1989-06-22', 1, '789 Số 9 Đường Nguyễn Văn Cừ', 'PX000013'),
('TK000051', 'Hoàng Lan', '0123456802', '1993-01-28', 0, '321 Số 10 Phố Trần Quang Khải', 'PX000014'),
('TK000052', 'Thương Nguyễn', '0123456803', '1990-11-11', 0, '654 Ngõ 5 Đường Lý Thường Kiệt', 'PX000015'),
('TK000053', 'Tiến Linh', '0123456804', '1992-07-20', 1, '987 Kiệt 6 Đường Đội Cấn', 'PX000016'),
('TK000054', 'Đoàn Ngọc', '0123456805', '1994-03-15', 1, '159 Số 12 Phố Nguyễn Khuyến', 'PX000017'),
('TK000055', 'Trọng Hiếu', '0123456806', '1991-08-03', 0, '200 Ngõ 7 Đường Trần Phú', 'PX000018'),
('TK000056', 'Đăng Hoàng', '0123456807', '1988-10-11', 1, '300 Số 15 Đường Giảng Võ', 'PX000019'),
('TK000057', 'Nguyễn Phúc', '0123456808', '1993-05-30', 0, '400 Kiệt 8 Phố Lê Thanh Nghị', 'PX000020'),
('TK000058', 'Khánh Bảo', '0123456809', '1995-01-25', 1, '150 Ngõ 9 Đường Nguyên Hồng', 'PX000021'),
('TK000059', 'Hiền Lương', '0123456810', '1990-03-12', 0, '250 Số 11 Đường Nguyễn Chí Thanh', 'PX000022'),
('TK000060', 'Ngọc Thắng', '0123456811', '1992-09-17', 1, '100 Kiệt 10 Đường Thái Thịnh', 'PX000023'),
('TK000061', 'Thanh Duy', '0123456812', '1994-12-21', 0, '200 Ngõ 12 Phố Lê Quang Đạo', 'PX000024'),
('TK000062', 'Minh Thảo', '0123456813', '1991-04-09', 1, '300 Số 14 Đường Nguyễn Trường Tộ', 'PX000025'),
('TK000063', 'Nguyễn Lam', '0123456814', '1989-08-13', 0, '150 Kiệt 11 Đường Phan Đình Phùng', 'PX000026'),
('TK000064', 'Văn Hiếu', '0123456815', '1992-02-17', 1, '250 Ngõ 14 Đường Trần Hữu Dực', 'PX000027'),
('TK000065', 'Thương Lam', '0123456816', '1995-07-30', 0, '350 Số 16 Đường Nguyễn Viết Xuân', 'PX000028'),
('TK000066', 'Nguyễn Thịnh', '0123456817', '1990-12-10', 1, '450 Kiệt 13 Đường Phương Mai', 'PX000029'),
('TK000067', 'Minh Hoàng', '0123456818', '1994-05-06', 0, '550 Ngõ 15 Phố Kim Liên', 'PX000030'),
('TK000068', 'Lan Hiền', '0123456819', '1992-10-17', 1, '650 Số 18 Đường Yên Hòa', 'PX000031'),
('TK000069', 'Ngọc Lan', '0123456820', '1993-11-05', 0, '123 Ngõ 16 Đường Lạc Long Quân', 'PX000032'),
('TK000070', 'Phương Tiến', '0123456821', '1991-06-30', 1, '789 Kiệt 17 Phố Hạ Long', 'PX000033'),
('TK000071', 'Hoàng Minh', '0123456822', '1989-03-25', 0, '250 Số 19 Đường Lý Tự Trọng', 'PX000034'),
('TK000072', 'Trọng Tâm', '0123456823', '1994-01-14', 1, '300 Ngõ 18 Đường Hồ Tùng Mậu', 'PX000035'),
('TK000073', 'Thương Lành', '0123456824', '1992-08-22', 1, '350 Kiệt 20 Phố Hoàng Quốc Việt', 'PX000036'),
('TK000074', 'Quang Nguyễn', '0123456825', '1990-07-07', 1, '400 Số 22 Đường Nguyễn Văn Trỗi', 'PX000037'),
('TK000075', 'Linh Bảo Nhất', '0123456826', '1993-09-03', 0, '500 Ngõ 21 Đường Thái Thịnh', 'PX000038'),
('TK000076', 'Ngọc Thương', '0123456827', '1994-10-05', 0, '600 Số 23 Đường Trường Chinh', 'PX000039'),
('TK000077', 'Trinh Duy', '0123456828', '1992-11-19', 1, '700 Kiệt 24 Đường Bà Triệu', 'PX000040'),
('TK000078', 'Hiền Quang', '0123456829', '1990-05-10', 0, '800 Ngõ 25 Đường Cát Linh', 'PX000041'),
('TK000079', 'Tam Hoàng', '0123456830', '1993-02-08', 1, '900 Số 26 Đường Đông Các', 'PX000042'),
('TK000080', 'Phúc Minh', '0123456831', '1991-12-15', 0, '1000 Kiệt 27 Phố Láng Hạ', 'PX000043'),
('TK000081', 'Mộc Lan', '0123456832', '1995-03-02', 1, '1100 Ngõ 28 Đường Nguyễn Đình Chiểu', 'PX000044'),
('TK000082', 'Bích Nguyễn', '0123456833', '1994-11-27', 1, '1200 Số 29 Đường Quang Trung', 'PX000045'),
('TK000083', 'Quyên Hiếu', '0123456834', '1992-06-22', 0, '1300 Kiệt 30 Đường Nguyễn Thái Học', 'PX000046'),
('TK000084', 'Hoàng Đức', '0123456835', '1993-05-13', 1, '1400 Ngõ 32 Đường Vạn Phúc', 'PX000047'),
('TK000085', 'Ngọc Bảo', '0123456836', '1989-09-30', 1, '1500 Số 33 Đường Tôn Thất Thuyết', 'PX000048'),
('TK000086', 'Huyena', '0123456837', '1995-04-10', 0, '1600 Kiệt 34 Phố Lý Thái Tổ', 'PX000049'),
('TK000087', 'Doanh Huy', '0123456838', '1990-08-14', 1, '1700 Ngõ 35 Đường Nguyễn Sơn', 'PX000050'),
('TK000088', 'Minh Dung', '0123456839', '1992-01-17', 0, '1800 Số 36 Đường Hàm Nghi', 'PX000051'),
('TK000089', 'Tiến Ngọc', '0123456840', '1993-04-11', 1, '1900 Kiệt 37 Đường Lê Đức Thọ', 'PX000052'),
('TK000090', 'Phương Tân', '0123456841', '1991-12-05', 0, '2000 Ngõ 38 Đường Duy Tân', 'PX000053'),
('TK000091', 'Thăng Hoàng', '0123456842', '1989-07-21', 1, '2100 Số 39 Đường Bạch Mai', 'PX000054'),
('TK000092', 'Minh Thiên', '0123456843', '1992-04-20', 0, '2200 Kiệt 40 Đường Lê Văn Lương', 'PX000055'),
('TK000093', 'Nguyễn Linh', '0123456844', '1994-09-03', 1, '2300 Ngõ 41 Đường Đại Cồ Việt', 'PX000056'),
('TK000094', 'Đinh Dương', '0123456845', '1991-02-17', 1, '2400 Số 42 Đường Phạm Ngọc Thạch', 'PX000057'),
('TK000095', 'Hiền Hà', '0123456846', '1993-06-14', 0, '2500 Kiệt 43 Phố Quang Trung', 'PX000058'),
('TK000096', 'Ngọc Nhi', '0123456847', '1990-04-02', 1, '2600 Ngõ 44 Đường Trường Sa', 'PX000059'),
('TK000097', 'Thanh Hiền', '0123456848', '1992-10-25', 0, '2700 Số 45 Đường Thái Nguyên', 'PX000060'),
('TK000098', 'Minh Bao', '0123456849', '1993-05-04', 1, '2800 Kiệt 46 Đường Nguyễn Bỉnh Khiêm', 'PX000061'),
('TK000099', 'Thư Thảo', '0123456850', '1989-03-30', 0, '2900 Ngõ 47 Đường Lương Ngọc Quyến', 'PX000062');

-- Nhân viên
insert into NHANVIEN (maTaiKhoan, tenNhanVien , soDienThoai)
values
('TK000002', null, null),
('TK000003', null, null),
('TK000004', null, null),
('TK000005', null, null),
('TK000006', null, null);

-- Danh mục sự kiện
insert into DANHMUCSUKIEN (tenDanhMuc, moTa, trangThai, maCTySuKien)
values
('Nhạc sống', 'Nhạc sống là âm nhạc được biểu diễn trực tiếp bởi nhạc cụ và giọng hát, tạo ra trải nghiệm âm thanh chân thực và đầy năng lượng. Nó mang tính tương tác cao giữa người biểu diễn và khán giả, thường xuất hiện ở các sự kiện và không gian giải trí đa dạng.', 1, null),
('Văn hóa & nghệ thuật','bao gồm các hoạt động sáng tạo, biểu đạt giá trị tinh thần và bản sắc của một cộng đồng hoặc xã hội thông qua nhiều hình thức đa dạng như văn học, âm nhạc, hội họa, điêu khắc, sân khấu, điện ảnh và các phong tục, tập quán truyền thống.', 1, null),
('Thể thao', 'Các cuộc thi đấu, giải đấu hoặc các hoạt động liên quan đến thể thao được tổ chức một cách có kế hoạch, thu hút sự tham gia của các vận động viên, đội tuyển và khán giả, nhằm mục đích thi tài, giải trí và quảng bá tinh thần thể thao.', 1, null),
('Workshop', 'Một buổi gặp gỡ tập trung và tương tác cao, nơi người tham gia cùng nhau thực hành, thảo luận và học hỏi các kỹ năng hoặc kiến thức cụ thể dưới sự hướng dẫn của một chuyên gia.', 1, null),
('Talkshow', 'Một diễn đàn mở trên sóng phát thanh hoặc truyền hình, nơi người dẫn dắt khơi gợi cuộc trò chuyện với khách mời về các vấn đề đa dạng, từ thời sự nóng hổi đến những câu chuyện cá nhân sâu sắc, nhằm mang đến những góc nhìn khác nhau và thu hút sự chú ý của khán giả.', 1, null);

-- Sự kiện
insert into SUKIEN (maDanhMuc, maCTySuKien, tenSuKien, ngayDangKy, thoiGianMoBanVe, thoiGianNgungBanVe, diaDiemToChuc, soNhaTenDuong, maPhuongXa, moTa, trangThaiDuyet, anhBia, soVeMuaToiDa)
values
('DM000001', 'CT000001', 'Lễ Hội Nhạc Trẻ Đà Nẵng', '2022-03-01 09:00:00', '2022-03-01 09:00:00', '2022-03-01 22:00:00', 'Công Viên 29/3', 'Đường Nguyễn Tri Phương', 'PX000049', 'Lễ hội âm nhạc trẻ tại Đà Nẵng, với sự tham gia của các ban nhạc nổi tiếng.', 1, 'https://res.cloudinary.com/didbhtr9w/image/upload/v1749854317/event/Screenshot-from-2019-10-15-18-50-36-1024x555.webp.webp', 10),
('DM000002', 'CT000002', 'Chương Trình Triển Lãm Văn Hóa Đà Nẵng','2022-04-01 09:00:00', '2022-04-20 09:00:00', '2022-04-20 18:00:00', 'Bảo Tàng Đà Nẵng', '31 Trần Phú', 'PX000025', 'Triển lãm giới thiệu về văn hóa và lịch sử Đà Nẵng qua các thời kỳ.', 1, 'https://toquoc.mediacdn.vn/2019/4/24/trien-lam-van-hoa-1-1556114247578301806233.jpg', 10),
('DM000003', 'CT000003', 'Giải Bóng Rổ Đà Nẵng','2022-05-01 09:00:00', '2022-05-25 08:00:00', '2022-05-25 18:00:00', 'Sân bóng rổ Sơn Trà', null , 'PX000045', 'Giải bóng rổ dành cho các đội trẻ tại Đà Nẵng.', 1, 'https://danviet.ex-cdn.com/files/f1/296231569849192448/2023/6/6/imgl1934-6622-1686013713717-1686013715549380500326.jpg', 10),
('DM000004', 'CT000004', 'Workshop Phát Triển Kỹ Năng Thuyết Trình','2022-08-01 09:00:00', '2022-08-10 10:00:00', '2022-08-10 15:00:00', 'The Hive Đà Nẵng', '48 An Thượng 5', 'PX000070', 'Workshop dành cho những người muốn cải thiện kỹ năng thuyết trình và giao tiếp.', 1, 'https://dinos.vn/wp-content/uploads/2024/04/workshop-la-gi-1.jpg', 10),
('DM000005', 'CT000005', 'Talkshow: Cách Mạng Công Nghệ', '2023-03-01 09:00:00','2023-01-05 19:00:00', '2023-01-05 21:00:00', 'Phòng hội nghị khách sạn Biển Vàng', '155 Phạm Văn Đồng', 'PX000043', 'Talkshow chia sẻ về những đột phá trong ngành công nghệ và tương lai của nó.', 1, 'https://res.cloudinary.com/didbhtr9w/image/upload/v1749854317/event/Screenshot-from-2019-10-15-18-50-36-1024x555.webp.webp', 10),
('DM000001', 'CT000006', 'Lễ Hội Âm Nhạc Truyền Thống', '2023-04-01 09:00:00','2023-04-25 18:00:00', '2023-04-25 23:00:00', 'Công Viên APEC', null, 'PX000026', 'Lễ hội âm nhạc truyền thống với các nghệ sĩ dân tộc, mang đậm bản sắc văn hóa dân tộc.', 1, 'https://brandboost.vn/wp-content/uploads/2024/06/live-concert.jpg', 10),
('DM000002', 'CT000007', 'Triển Lãm Mỹ Thuật Đương Đại', '2023-05-01 09:00:00','2023-05-15 09:00:00', '2023-05-15 17:00:00', 'Bảo Tàng Mỹ Thuật Đà Nẵng', '78 Lê Duẫn', 'PX000025', 'Triển lãm các tác phẩm nghệ thuật đương đại từ các họa sĩ nổi tiếng.', 1, 'https://media-cdn-v2.laodong.vn/Storage/newsportal/2018/12/4/644851/Anh-1-01.jpg', 10),
('DM000003', 'CT000008', 'Giải Tennis Đà Nẵng', '2023-06-01 09:00:00','2023-06-05 07:00:00', '2023-06-05 18:00:00', 'Sân Cầu Lông Win Win Badminton', '642 Tôn Đức Thắng', 'PX000037', 'Giải đấu tennis lớn nhất mùa đông tại Đà Nẵng, thu hút các tay vợt chuyên nghiệp.', 1, 'https://dntdanang.com.vn/wp-content/uploads/2022/08/chuc-mung.png', 10),
('DM000004', 'CT000009', 'Workshop Khởi Nghiệp Đà Nẵng', '2023-11-01 09:00:00','2023-11-30 09:00:00', '2023-11-30 16:00:00', 'The Hive Đà Nẵng', '48 An Thượng 5', 'PX000070', 'Chương trình giúp các bạn trẻ phát triển ý tưởng và khởi nghiệp thành công tại Đà Nẵng.', 1, 'https://static.ybox.vn/2017/10/1/f9b1499c-a611-11e7-9063-cac091044fd5.png', 10),
('DM000005', 'CT000010', 'Talkshow: Lãnh Đạo Tương Lai','2023-11-01 09:00:00', '2023-11-25 18:30:00', '2023-11-25 20:30:00', 'Phòng hội nghị khách sạn Biển Vàng', '155 Phạm Văn Đồng', 'PX000043', 'Talkshow chia sẻ về cách lãnh đạo trong thế kỷ 21 và những thử thách mới.', 1, 'https://phucthanhnhan.com/contents_images/images/loi-ich-cua-talkshow.jpg', 10),
('DM000001', 'CT000011', 'Lễ Hội Âm Nhạc Quốc Tế Đà Nẵng', '2023-10-01 09:00:00','2023-11-01 09:00:00', '2023-11-01 22:00:00', 'Công Viên Biển Đông', 'Đường Võ Nguyên Giáp', 'PX000041', 'Lễ hội âm nhạc quốc tế quy tụ các nghệ sĩ hàng đầu từ nhiều quốc gia.', 1, 'https://images2.thanhnien.vn/528068263637045248/2024/7/16/my-tam-2-10-1721102392122193222721.jpg', 10),
('DM000002', 'CT000012', 'Chương Trình Triển Lãm Văn Hóa ASEAN', '2023-10-01 09:00:00','2023-10-15 09:00:00', '2023-10-15 17:00:00', 'Bảo Tàng Đà Nẵng', '31 Trần Phú', 'PX000025', 'Triển lãm văn hóa ASEAN, giới thiệu các nền văn hóa đặc sắc của các quốc gia ASEAN.', 1, 'https://images.baodantoc.vn/uploads/2021/Th%C3%A1ng_11/Ng%C3%A0y%203/Than/9.jpg', 10),
('DM000003', 'CT000013', 'Giải Đấu Đua Xe Địa Hình Đà Nẵng', '2023-10-01 09:00:00','2023-10-10 08:00:00', '2023-10-10 18:00:00', 'Bãi Chuối – Hải Vân', null, 'PX000037', 'Giải đua xe địa hình dành cho các tay đua chuyên nghiệp và bán chuyên tại Đà Nẵng.', 1, 'https://ofnews.vn/stores/news_dataimages/2024/112024/02/10/khai-mac-giai-dua-pvoil-voc-202420241102100627.jpg?rt=20241102100648', 10),
('DM000004', 'CT000014', 'Workshop Digital Marketing Đà Nẵng', '2023-09-01 09:00:00','2023-09-30 10:00:00', '2023-09-30 16:00:00', 'The Hive Đà Nẵng', '48 An Thượng 5', 'PX000070', 'Workshop về các kỹ thuật marketing kỹ thuật số dành cho doanh nghiệp tại Đà Nẵng.', 1, 'https://seovip.vn/wp-content/uploads/2023/01/01.POSTER.png', 10),
('DM000005', 'CT000015', 'Talkshow: Kỹ Năng Sống Cho Thanh Niên', '2024-09-01 09:00:00','2024-09-20 18:30:00', '2024-09-20 20:30:00', ' Cung hội nghị quốc tế Ariyana – ACC Đà Nẵng', '107 Võ Nguyên Giáp', 'PX000071', 'Talkshow về các kỹ năng sống, sự nghiệp, và cuộc sống gia đình dành cho thanh niên.', 1, 'https://iprta.vn/wp-content/uploads/2025/04/TALKSHOW-ONLINE-MIEN-PHI-GIAO-DUC-KY-NANG-SONG-CO-HOI-LON-%E2%80%93-THACH-THUC-KHONG-NHO.jpg', 10),
('DM000001', 'CT000016', 'Lễ Hội Âm Nhạc Mùa Đông', '2024-08-01 09:00:00','2024-09-01 09:00:00', '2024-09-01 22:00:00', 'Công Viên 29/3', 'Đường Nguyễn Tri Phương', 'PX000049', 'Lễ hội âm nhạc mùa đông với các nghệ sĩ quốc tế và trong nước.', 1, 'https://lh3.googleusercontent.com/ftMr3_ANPXOhOYgmJeFJIq6zjsvQzJWcg1x-pnC8SVxTg4XNXILYc5SA1S49A8wM6d0fYo4SnpMhCu9qcxChTDixIny5lz4DanD0WOdjAqqO-rq0F9dI4hRnnVXbf62bspjEVsPiCWU5KN7PDHX0UyJBS8RXM9e3', 10),
('DM000002', 'CT000017', 'Triển Lãm Thủ Công Mỹ Nghệ Đà Nẵng', '2024-08-01 09:00:00','2024-08-20 09:00:00', '2024-08-20 17:00:00', 'Bảo Tàng Đà Nẵng', '31 Trần Phú', 'PX000025', 'Triển lãm các sản phẩm thủ công mỹ nghệ đặc sắc từ các làng nghề truyền thống.', 1, 'https://cly.1cdn.vn/2024/05/13/trien-lam-trung-bay-gioi-thieu-tren-400-mau-san-pham-thu-cong-my-nghe-lang-nghe..png', 10),
('DM000001', 'CT000001', 'Lễ Hội Âm Nhạc Đà Nẵng','2024-06-01 09:00:00', '2024-06-10 19:00:00', '2024-06-12 23:00:00', 'Công Viên Biển Đông', 'Đường Võ Nguyên Giáp', 'PX000041', 'Lễ hội âm nhạc với sự góp mặt của nhiều nghệ sĩ nổi tiếng trong và ngoài nước.', 1, 'https://danangfantasticity.com/wp-content/uploads/2024/07/enjoy-danang-2024.jpg', 10),
('DM000002', 'CT000002', 'Triển Lãm Mỹ Thuật Đà Nẵng','2024-06-01 09:00:00', '2024-07-01 08:00:00', '2024-07-10 18:00:00', 'Bảo Tàng Mỹ Thuật Đà Nẵng', '78 Lê Duẫn', 'PX000025', 'Triển lãm nghệ thuật với các tác phẩm từ các họa sĩ nổi tiếng.', 1, 'https://danangfantasticity.com/wp-content/uploads/2024/09/trien-lam-my-thuat-chu-de-net-dep-da-nang-nam-2024-01.jpg', 10),
('DM000003', 'CT000003', 'Giải Đua Xe Đà Nẵng 2024','2025-03-01 09:00:00', '2025-04-01 14:00:00', '2025-04-10 16:00:00', 'Cung Thể thao Tiên Sơn', 'Phan Đăng Lưu', 'PX000027', 'Giải đua xe thể thao được tổ chức với sự tham gia của các tay đua trong và ngoài nước.', 1, 'https://vnanet.vn/Data/Articles/2024/04/17/7326740/vna_potal_giai_dua_xe_dap_toan_quoc_lan_thu_36_xuat_phat_chang_da_nang_%E2%80%93_quang_nam__stand.jpg', 10),
('DM000002', 'CT000004', 'Lễ Hội Pháo Hoa Quốc Tế', '2025-06-01 09:00:00','2025-06-15 19:30:00', '2025-06-16 22:00:00', 'Trần Hưng Đạo', null, 'PX000042', 'Lễ hội pháo hoa quốc tế với những màn trình diễn pháo hoa đặc sắc.', 1, 'https://xdcs.cdnchinhphu.vn/446259493575335936/2023/3/2/ph-1677769977747414816009.jpg', 10),
('DM000002', 'CT000005', 'Triển Lãm Công Nghệ Mới', '2025-06-01 09:00:00','2025-06-20 10:00:00', '2025-06-25 18:00:00', 'Trung tâm Hội chợ Triển lãm Đà Nẵng', '9 Cách Mạng Tháng 8', 'PX000031', 'Triển lãm các công nghệ mới, các sản phẩm công nghệ tiên tiến từ nhiều công ty trong và ngoài nước.', 1, 'https://baodongnai.com.vn/file/e7837c02876411cd0187645a2551379f/dataimages/202111/original/images2417908_77.jpg', 10),
('DM000002', 'CT000006', 'Lễ Hội Ẩm Thực Đà Nẵng', '2025-06-12 09:00:00','2025-07-15 18:00:00', '2025-07-18 23:00:00', 'Trung Tâm Hành Chính Quận Liên Chiểu', 'Nguyễn Sinh Sắc', 'PX000040', 'Lễ hội ẩm thực với nhiều món ăn đặc trưng của Đà Nẵng và các vùng miền khác.', 1, 'https://danangfantasticity.com/wp-content/uploads/2022/06/le-hoi-tan-huong-bia-va-am-thuc-da-nang-pc.jpg', 10),
('DM000001', 'CT000007', 'Festival Âm Nhạc Đêm Đà Nẵng', '2025-06-15 09:00:00','2025-08-10 20:00:00', '2025-08-11 01:00:00', 'Công Viên Biển Đông', 'Đường Võ Nguyên Giáp', 'PX000041', 'Festival âm nhạc đêm, với sự góp mặt của các nghệ sĩ nổi tiếng trong nước và quốc tế.', 1, 'https://dntt.mediacdn.vn/197608888129458176/2024/7/11/4e01660b38fb9aa5c3ea-17206937217701023216849.jpg', 10),
('DM000003', 'CT000008', 'Chạy Đua Marathon Đà Nẵng', '2025-06-21 09:00:00', '2025-07-05 05:00:00', '2025-07-05 11:00:00', 'Phố đi bộ Bạch Đằng', null, 'PX000026', 'Giải marathon Đà Nẵng thu hút nhiều vận động viên từ mọi nơi tham gia.', 1, 'https://irace.vn/wp-content/uploads/2019/08/Danang-International-Marathon-2025-.png', 10),
('DM000004', 'CT000008', 'Art workshop thêu túi "Hoa trong lòng"', '2025-06-22 09:00:00', '2025-07-05 05:00:00','2025-07-05 11:00:00', 'Tmore 24/7', '191 Nguyễn Hoàng', 'PX000026', 'Workshop thêu “Hoa Trong Lòng” là một không gian tĩnh lặng, nơi mỗi chiếc kim, sợi chỉ và từng mũi thêu đều mang trong mình một câu chuyện, một cảm xúc sâu sắc.', 1, 'https://example.com/image.jpg', 10),
('DM000002', 'CT000008', 'Sân khấu: Hài kịch tâm lý GHEN', '2025-06-23 09:00:00', '2025-07-05 05:00:00', '2025-07-05 11:00:00', 'Nhà hát Trưng Vương', '86 Hùng Vương', 'PX000020', 'Tóm tắt nội dung: Đàn bà đánh phấn chứ không đánh ghen! Cuộc đua tìm hạnh phúc lạ đời của 3 cô bạn thân: Chi, Vân và Nga. Đối lập với cơn ghen cuồng loạn của Chi để giữ chồng thì Vân dành sự chân thành làm kim chỉ nam cho hôn nhân. Quân sư Nga bày mưu cho 2 cô bạn của mình kiểm tra lòng chung thủy nhưng lại dẫn đến 1001 tình huống cười ra nước mắt! Hài kịch GHEN đậm tính thời sự, gần gũi và ấm áp!', 1, 'https://salt.tkbcdn.com/ts/ds/fa/60/4e/e6e667ec6c914aeb4cd0f51b34972846.jpg', 10),
('DM000003', 'CT000008', 'Sân khấu: Má ơi Út dìa', '2025-06-25 09:00:00', '2025-07-05 05:00:00', '2025-07-05 11:00:00', 'Nhà hát Trưng Vương', '86 Hùng Vương', 'PX000020', ' Diễn viên: Thanh Thuỷ, Quang Thảo, Đình Toàn, Quốc Thịnh, Phạm Huyền Trâm, Ngọc Nguyên, Trung Tín và Đại Nghĩa.', 1, 'https://irace.vn/wp-content/uploads/2019/08/Danang-International-Marathon-2025-.png', 10);


INSERT INTO MINHCHUNGSUKIEN (maSuKien, tepDinhKem) VALUES
('SK000001', 'https://res.cloudinary.com/didbhtr9w/image/upload/v1747909757/documents/CamScanner%202025-03-12%2011.40.pdf.pdf'),
('SK000002', 'https://res.cloudinary.com/didbhtr9w/image/upload/v1747909757/documents/CamScanner%202025-03-12%2011.40.pdf.pdf'),
('SK000003', 'https://res.cloudinary.com/didbhtr9w/image/upload/v1747909757/documents/CamScanner%202025-03-12%2011.40.pdf.pdf'),
('SK000004', 'https://res.cloudinary.com/didbhtr9w/image/upload/v1747909757/documents/CamScanner%202025-03-12%2011.40.pdf.pdf'),
('SK000005', 'https://res.cloudinary.com/didbhtr9w/image/upload/v1747909757/documents/CamScanner%202025-03-12%2011.40.pdf.pdf'),
('SK000006', 'https://res.cloudinary.com/didbhtr9w/image/upload/v1747909757/documents/CamScanner%202025-03-12%2011.40.pdf.pdf'),
('SK000007', 'https://res.cloudinary.com/didbhtr9w/image/upload/v1747909757/documents/CamScanner%202025-03-12%2011.40.pdf.pdf'),
('SK000008', 'https://res.cloudinary.com/didbhtr9w/image/upload/v1747909757/documents/CamScanner%202025-03-12%2011.40.pdf.pdf'),
('SK000009', 'https://res.cloudinary.com/didbhtr9w/image/upload/v1747909757/documents/CamScanner%202025-03-12%2011.40.pdf.pdf'),
('SK000010', 'https://res.cloudinary.com/didbhtr9w/image/upload/v1747909757/documents/CamScanner%202025-03-12%2011.40.pdf.pdf'),
('SK000011', 'https://res.cloudinary.com/didbhtr9w/image/upload/v1747909757/documents/CamScanner%202025-03-12%2011.40.pdf.pdf'),
('SK000012', 'https://res.cloudinary.com/didbhtr9w/image/upload/v1747909757/documents/CamScanner%202025-03-12%2011.40.pdf.pdf'),
('SK000013', 'https://res.cloudinary.com/didbhtr9w/image/upload/v1747909757/documents/CamScanner%202025-03-12%2011.40.pdf.pdf'),
('SK000014', 'https://res.cloudinary.com/didbhtr9w/image/upload/v1747909757/documents/CamScanner%202025-03-12%2011.40.pdf.pdf'),
('SK000015', 'https://res.cloudinary.com/didbhtr9w/image/upload/v1747909757/documents/CamScanner%202025-03-12%2011.40.pdf.pdf'),
('SK000016', 'https://res.cloudinary.com/didbhtr9w/image/upload/v1747909757/documents/CamScanner%202025-03-12%2011.40.pdf.pdf'),
('SK000017', 'https://res.cloudinary.com/didbhtr9w/image/upload/v1747909757/documents/CamScanner%202025-03-12%2011.40.pdf.pdf'),
('SK000018', 'https://res.cloudinary.com/didbhtr9w/image/upload/v1747909757/documents/CamScanner%202025-03-12%2011.40.pdf.pdf'),
('SK000019', 'https://res.cloudinary.com/didbhtr9w/image/upload/v1747909757/documents/CamScanner%202025-03-12%2011.40.pdf.pdf'),
('SK000020', 'https://res.cloudinary.com/didbhtr9w/image/upload/v1747909757/documents/CamScanner%202025-03-12%2011.40.pdf.pdf'),
('SK000021', 'https://res.cloudinary.com/didbhtr9w/image/upload/v1747909757/documents/CamScanner%202025-03-12%2011.40.pdf.pdf'),
('SK000022', 'https://res.cloudinary.com/didbhtr9w/image/upload/v1747909757/documents/CamScanner%202025-03-12%2011.40.pdf.pdf'),
('SK000023', 'https://res.cloudinary.com/didbhtr9w/image/upload/v1747909757/documents/CamScanner%202025-03-12%2011.40.pdf.pdf'),
('SK000024', 'https://res.cloudinary.com/didbhtr9w/image/upload/v1747909757/documents/CamScanner%202025-03-12%2011.40.pdf.pdf'),
('SK000025', 'https://res.cloudinary.com/didbhtr9w/image/upload/v1747909757/documents/CamScanner%202025-03-12%2011.40.pdf.pdf'),
('SK000027', 'https://res.cloudinary.com/didbhtr9w/image/upload/v1747909757/documents/CamScanner%202025-03-12%2011.40.pdf.pdf'),
('SK000028', 'https://res.cloudinary.com/didbhtr9w/image/upload/v1747909757/documents/CamScanner%202025-03-12%2011.40.pdf.pdf'),
('SK000026', 'https://res.cloudinary.com/didbhtr9w/image/upload/v1747909757/documents/CamScanner%202025-03-12%2011.40.pdf.pdf');


-- Chương trình sự kiện
INSERT INTO CTRINHSUKIEN (maSuKien, thoiGianBatDau, thoiGianKetThuc) VALUES
('SK000001', '2022-03-10 22:00:00', '2022-03-10 23:00:00'),
('SK000001', '2022-03-11 22:00:00', '2022-03-11 23:00:00'),
('SK000002', '2022-04-22 18:00:00', '2022-04-22 19:00:00'),
('SK000003', '2022-05-26 18:00:00', '2022-05-26 19:00:00'),
('SK000003', '2022-05-27 18:00:00', '2022-05-27 19:00:00'),
('SK000003', '2022-05-28 18:00:00', '2022-05-28 19:00:00'),
('SK000004', '2022-08-15 15:00:00', '2022-08-15 17:00:00'),
('SK000005', '2023-01-09 21:00:00', '2023-01-09 22:00:00'),
('SK000006', '2023-04-26 13:00:00', '2023-04-26 15:00:00'),
('SK000006', '2023-04-25 13:00:00', '2023-04-25 15:00:00'),
('SK000007', '2023-05-20 17:00:00', '2023-05-20 19:00:00'),
('SK000008', '2023-06-15 18:00:00', '2023-06-15 19:00:00'),
('SK000008', '2023-06-15 18:00:00', '2023-06-15 19:00:00'),
('SK000009', '2023-12-30 16:00:00', '2023-12-30 17:00:00'),
('SK000010', '2023-11-28 20:30:00', '2023-11-28 21:30:00'),
('SK000011', '2023-11-05 21:00:00', '2023-11-05 22:00:00'),
('SK000011', '2023-11-06 21:00:00', '2023-11-06 22:00:00'),
('SK000012', '2023-10-19 15:00:00', '2023-10-19 17:00:00'),
('SK000013', '2023-10-12 18:00:00', '2023-10-12 19:00:00'),
('SK000014', '2023-10-01 16:00:00', '2023-10-01 18:00:00'),
('SK000015', '2024-09-22 20:30:00', '2024-09-22 22:30:00'),
('SK000016', '2024-09-05 11:00:00', '2024-09-05 12:00:00'),
('SK000017', '2024-08-25 17:00:00', '2024-08-25 19:00:00'),
('SK000018', '2024-06-15 13:00:00', '2024-06-15 14:00:00'),
('SK000019', '2024-07-15 18:00:00', '2024-07-18 18:00:00'),
('SK000020', '2025-04-27 16:00:00', '2025-04-29 16:00:00'),
('SK000021', '2025-06-18 18:00:00', '2025-06-18 22:00:00'),
('SK000022', '2025-06-28 08:00:00', '2025-06-29 10:00:00'),
('SK000023', '2025-07-21 10:00:00', '2025-07-23 10:00:00'),
('SK000024', '2025-08-15 19:00:00', '2025-08-18 22:00:00'),
('SK000025', '2025-07-08 11:00:00', '2025-07-08 16:00:00'),
('SK000026', '2025-07-15 11:00:00', '2025-07-15 16:00:00'),
('SK000026', '2025-07-16 11:00:00', '2025-07-16 16:00:00'),
('SK000027', '2025-07-09 19:00:00', '2025-07-09 21:30:00'),
('SK000028', '2025-07-12 11:00:00', '2025-07-12 16:00:00');

select c.*, s.* from ctrinhsukien c join sukien s on s.maSuKien = c.maSuKien ;
-- Loại vé
insert into LOAIVE (maChuongTrinh, tenLoaiVe, soLuong, giaBan) values
('CT000001', 'Vé Standing A', 2000, 500000),
('CT000001', 'Vé VIP', 100, 1000000),
('CT000001', 'Vé Standing B', 2000, 300000),
('CT000002', 'Vé Standing A', 2000, 500000),
('CT000002', 'Vé VIP', 100, 1000000),
('CT000002', 'Vé Standing B', 2000, 300000),
('CT000003', 'Vé Học sinh', 500, 200000),
('CT000003', 'Vé Sinh viên', 500, 400000),
('CT000004', 'Vé Tham Gia', 2000, 550000),
('CT000005', 'Vé Tham Gia', 2000, 550000),
('CT000006', 'Vé Tham Gia', 2000, 550000),
('CT000007', 'Vé Tham Gia', 180, 300000),
('CT000007', 'Vé VIP', 70, 1150000),
('CT000008', 'Vé Tham Gia', 130, 500000),
('CT000008', 'Vé VIP', 60, 1000000),
('CT000009', 'Vé Standing A', 1000, 550000),
('CT000009', 'Vé Standing A', 1000, 550000),
('CT000009', 'Vé VIP A', 100, 1500000),
('CT000009', 'Vé VIP B', 100, 1500000),
('CT000010', 'Vé Standing A', 1000, 550000),
('CT000010', 'Vé Standing A', 1000, 550000),
('CT000010', 'Vé VIP A', 100, 1500000),
('CT000010', 'Vé VIP B', 100, 1500000),
('CT000011', 'Vé Tham Gia', 160, 450000),
('CT000012', 'Vé Tham Gia A', 150, 600000),
('CT000012', 'Vé VIP', 100, 1000000),
('CT000012', 'Vé Tham Gia B', 500, 600000),
('CT000013', 'Vé Tham Gia A', 150, 600000),
('CT000013', 'Vé VIP', 100, 1000000),
('CT000013', 'Vé Tham Gia B', 500, 600000),
('CT000014', 'Vé Tham Gia', 180, 550000),
('CT000015', 'Vé Tham Gia', 160, 600000),
('CT000016', 'Vé Standing A', 1000, 550000),
('CT000016', 'Vé Standing B', 1000, 550000),
('CT000016', 'Vé VIP A', 100, 1500000),
('CT000016', 'Vé VIP B', 100, 1500000),
('CT000017', 'Vé Standing A', 1000, 550000),
('CT000017', 'Vé Standing B', 1000, 550000),
('CT000017', 'Vé VIP A', 100, 1500000),
('CT000017', 'Vé VIP B', 100, 1500000),
('CT000018', 'Vé Tham Gia', 4000, 300000),
('CT000019', 'Vé Tham Gia', 400, 300000),
('CT000020', 'Vé Tham Gia', 160, 250000),
('CT000021', 'Vé Tham Gia', 180, 300000),
('CT000021', 'Vé Sinh Viên', 120, 250000),
('CT000022', 'Vé Standing A', 1000, 550000),
('CT000022', 'Vé Standing B', 1000, 550000),
('CT000022', 'Vé VIP A', 100, 1500000),
('CT000022', 'Vé VIP B', 100, 1500000),
('CT000023', 'Vé Tham Gia', 1000, 300000),
('CT000024', 'Vé Standing A', 1000, 550000),
('CT000024', 'Vé Standing B', 1000, 550000),
('CT000024', 'Vé VIP A', 100, 1500000),
('CT000024', 'Vé VIP B', 100, 1500000),
('CT000025', 'Vé Tham Gia', 1000, 450000),
('CT000026', 'Vé Tham Gia', 400, 250000),
('CT000027', 'Vé Tham Gia A', 500, 450000),
('CT000027', 'Vé Tham Gia B', 500, 450000),
('CT000027', 'Vé VIP', 100, 1000000),
('CT000028', 'Vé Tham Gia', 1000, 550000),
('CT000029', 'Vé Tham Gia', 5000, 400000),
('CT000030', 'Vé Standing A', 1000, 550000),
('CT000030', 'Vé Standing B', 1000, 550000),
('CT000030', 'Vé VIP A', 100, 1500000),
('CT000030', 'Vé VIP B', 100, 1500000),
('CT000031', 'Vé Tham Gia', 300, 250000),
('CT000032', 'Vé Tham Gia', 150, 250000),
('CT000033', 'Vé Tham Gia', 150, 250000),
('CT000034', 'Khu A', 100, 250000),
('CT000034', 'Khu B', 100, 250000),
('CT000034', 'Khu C', 100, 350000),
('CT000034', 'Khu D', 100, 450000),
('CT000034', 'Khu E', 100, 550000),
('CT000035', 'Khu A', 100, 250000),
('CT000035', 'Khu B', 100, 250000),
('CT000035', 'Khu C', 100, 350000),
('CT000035', 'Khu D', 100, 450000),
('CT000035', 'Khu E', 100, 550000);



